session_id,outcome,failure_stage,failure_subtype,completion_rate
df6b3254-185a-4e9c-b5e8-26626f7544d9,failure,tool_execution,false_tool_call,0.25
fb1125cb-7ef3-4e71-85cc-8a0b73526ff5,failure,tool_execution,false_tool_call,0.25
f628c99a-8c36-4622-ac9a-21eb7c8e8f5e,failure,input_validation,url_sanity_fail,0.0
03febbec-32ed-4498-b879-6c7663a777e0,success,,,1.0
3a35e1ab-de5f-47fc-ad3f-961b0c53e5e9,failure,intermediate_processing,encoding_error,0.5
75968dbc-523e-4a13-b53c-28eaa7e402ee,success,,,1.0
9bf2e495-71cc-4f4d-ab46-e5bc464c0ca4,failure,tool_execution,rate_limit_exhausted,0.25
3513b361-c9ac-4247-8c16-75381e9bb8d1,failure,tool_execution,tool_schema_error,0.25
2faa0a63-ddfc-461c-ad0d-c0bce1ca16f5,failure,final_output,schema_nonconformance,0.75
bfd19ae8-a6c6-465c-b1d0-89fbf59a2507,failure,tool_execution,pagination_failure,0.25
0b8d750d-2aec-478c-ae20-524ca8ec44e9,failure,input_validation,malformed_schema,0.0
96bf3bbc-f844-4379-aee2-251f205549ca,success,,,1.0
6619d9ca-9be3-4b6a-ba0d-1422d88501e4,success,,,1.0
61914272-d1c9-4e91-804c-55bd875fedb7,success,,,1.0
206ad881-3fff-44c3-ae6b-5dde921c810e,failure,final_output,empty_output,0.75
73042937-afcc-475f-b1c4-b1e791514231,failure,tool_execution,false_tool_call,0.25
d1abbb61-7c5d-4745-9a6d-a71a7e71bfbd,failure,intermediate_processing,sub_agent_timeout,0.5
e2eee7e9-4a8b-4735-beda-1530ca20ffae,success,,,1.0
7c4ea2a9-0e9a-447e-bba0-f3e36f0b314f,failure,final_output,hallucinated_fields,0.75
ec13e4ba-e66d-4506-bb3e-66bd6e2279d4,success,,,1.0
8d3c333f-634c-4279-8be2-ba83dbd214e7,success,,,1.0
86aeaff6-0cb8-449e-af8f-eb710a3ba223,success,,,1.0
257bee3a-5cfc-4f8d-bb9f-27430cb46b1f,failure,tool_execution,tool_schema_error,0.25
a092cf4e-6d08-456f-a789-ecae1a697014,failure,tool_execution,rate_limit_exhausted,0.25
01daf33a-c019-40ec-a940-1daa709be92f,failure,intermediate_processing,sub_agent_timeout,0.5
b0a97c98-f78e-40a8-a202-f32186f33d5d,failure,input_validation,malformed_schema,0.0
d9b1217d-dccc-4800-a3e5-121a19d01b9c,failure,input_validation,auth_missing,0.0
d6a08737-e616-4baf-be4d-dcf3ea687f80,success,,,1.0
fa388500-7a52-4b61-a687-6e1e1127fde7,failure,tool_execution,pagination_failure,0.25
828194d4-e701-43fa-bab3-c08601595b1f,success,,,1.0
2d3e63b7-d31a-4d6e-a91d-acc7cda09c17,success,,,1.0
cce5542d-d6ac-4e42-9a53-bd3aac66a053,failure,tool_execution,rate_limit_exhausted,0.25
f1e3fd74-f916-4e73-9179-d0abda4990dc,failure,intermediate_processing,sub_agent_timeout,0.5
ea1b86e1-0ece-4399-8de9-396cb504f44a,success,,,1.0
873587d0-34c0-4676-a6ba-9208df812142,failure,tool_execution,pagination_failure,0.25
4154e2a0-89cb-4321-b7dc-0a38b0cab165,success,,,1.0
4c196c56-1010-4c3a-9f19-59bef4ed9cbf,failure,intermediate_processing,partial_content,0.5
4aa89d0d-8240-4edc-a4eb-12eaab56f8f3,failure,final_output,schema_nonconformance,0.75
4f242672-cfc0-4ba9-93f3-5a6283863ea5,failure,input_validation,auth_missing,0.0
67a9c541-1050-4f70-9582-59ef86314228,success,,,1.0
fac8f5e7-d50f-448f-b4d9-70f67e52d2db,failure,tool_execution,false_tool_call,0.25
c6d74125-d0b6-4ae2-a5b8-b2bb69d582fb,success,,,1.0
451b8246-e62d-4640-95fa-c2896c1d55f8,success,,,1.0
67364cea-34f9-4c72-ac41-029d955d3055,failure,intermediate_processing,sub_agent_timeout,0.5
0e72f7a5-53a4-4e87-8d37-fc21e00c0c14,success,,,1.0
334e2b8d-a148-460c-abd1-65933fceecce,failure,intermediate_processing,partial_content,0.5
0e648966-3a29-452d-ad8b-6c98971a43be,failure,intermediate_processing,partial_content,0.5
b5980519-78d6-48e3-942c-de97f1e88dbf,failure,intermediate_processing,sub_agent_timeout,0.5
8619a490-014b-4c9f-8b0c-577bc67b122c,failure,intermediate_processing,sub_agent_schema_fail,0.5
093370b8-4aa2-409b-9480-d053cdc71aeb,failure,input_validation,prompt_ambiguity,0.0
266e6395-47d8-4861-838d-a928a24a9525,failure,input_validation,url_sanity_fail,0.0
1eca74c8-1f80-49c6-a127-da15405c94d8,failure,intermediate_processing,encoding_error,0.5
f1283fc5-5127-4eda-ab94-6b2aa60ef970,success,,,1.0
90fee1e0-eb7f-4706-84a3-143022a2acf5,success,,,1.0
6a3647c8-2411-4087-9825-defa7e9ba5eb,failure,input_validation,malformed_schema,0.0
434d6d7d-aac0-4f83-b838-50bcfe4f6d82,failure,tool_execution,false_tool_call,0.25
31e4d32c-0b68-4bc5-975e-6e5eebd153cd,failure,tool_execution,pagination_failure,0.25
6344be78-889d-42e1-85c3-59c0ebe1de3b,failure,tool_execution,ip_ban,0.25
aec46f47-8e1f-4dca-b9d1-ddcd11b909bb,failure,intermediate_processing,sub_agent_schema_fail,0.5
797dfdbc-4cbc-45f5-a49f-2cf55d2fede7,success,,,1.0
613daec5-271c-4093-926a-2be3a617f9b7,failure,intermediate_processing,encoding_error,0.5
1e149c45-5d1e-469f-a5d7-8a33e9d9157e,failure,input_validation,auth_missing,0.0
c0fed229-85c2-4384-afb9-2f885fdcf4f9,failure,input_validation,malformed_schema,0.0
eb539761-533c-4805-af03-81fe83e43793,failure,intermediate_processing,partial_content,0.5
b447390b-995a-4256-9690-c4b547a35506,failure,tool_execution,rate_limit_exhausted,0.25
4c9745b6-26f6-480d-9c34-5af20c0869a9,failure,final_output,hallucinated_fields,0.75
c0f66f30-e82a-44f0-9668-cfc96db40732,failure,input_validation,auth_missing,0.0
825fbfb3-a4b7-4d89-b951-d62db815e968,failure,tool_execution,pagination_failure,0.25
971d3837-ef87-481a-bd73-3cc592d8e494,failure,tool_execution,false_tool_call,0.25
6b33ef31-7dcf-4c43-bc1f-76371f00b633,failure,intermediate_processing,sub_agent_schema_fail,0.5
01a14d74-7280-472e-b2f7-971ebd3adec8,failure,final_output,truncated_output,0.75
51f4c970-0c13-43bc-bbf7-a44f67a55103,success,,,1.0
5852252d-d165-439a-aee1-65d03bb7925c,failure,intermediate_processing,partial_content,0.5
a6e9a1ad-3906-4a99-9052-699e4a2e4f95,failure,tool_execution,rate_limit_exhausted,0.25
dc60d7d5-77e6-4fb1-bc0f-0746fdf3c453,failure,tool_execution,pagination_failure,0.25
65ecb84b-7fe4-4bf1-b05f-959600cdc0ce,failure,final_output,schema_nonconformance,0.75
c9fc5aaa-ec13-447a-84d2-cf4d800b910e,failure,tool_execution,ip_ban,0.25
90a06849-a8ae-4e97-9744-4cea32f7dd7d,failure,intermediate_processing,sub_agent_timeout,0.5
0aeecf73-58c4-4ff0-a9f7-24256f6ea620,failure,intermediate_processing,sub_agent_schema_fail,0.5
5d97dc6d-7132-4130-b22f-723930dec44d,failure,final_output,empty_output,0.75
da558d64-8cb3-4750-8e62-07055f6ac76b,failure,intermediate_processing,sub_agent_schema_fail,0.5
a74ca2b3-9535-4635-ba27-e86452f9a8a6,success,,,1.0
a95a38bc-359e-42bf-a81c-fa2226cbb2dc,success,,,1.0
6bb1cf79-7360-408e-94c7-5849c6d1446e,failure,final_output,hallucinated_fields,0.75
057dcb50-c604-4c58-9fce-10fc64610dd9,failure,tool_execution,tool_schema_error,0.25
55c18618-57a0-49b9-9087-2d782c28dccd,failure,intermediate_processing,encoding_error,0.5
698d8e25-f419-4672-ac31-24436efd2eb4,failure,intermediate_processing,partial_content,0.5
9dab4573-c665-4ca8-ad4a-e4fe3f35103d,success,,,1.0
f938105b-f204-4c94-8498-3bb229b776dd,success,,,1.0
2a3d7fe3-8452-417d-bb05-d0e956dc5a52,success,,,1.0
d014f16f-1066-4669-95af-8fb780fd9095,success,,,1.0
d2dc68f7-bd79-46d8-a5ef-5f9ba2c9315c,success,,,1.0
46f81474-f196-409d-adb7-31882e1689ca,success,,,1.0
82fcf2ba-3d94-4e16-9658-2c8c55a02331,success,,,1.0
f5fe08cb-f1c9-4036-bf79-7d8702355a4c,failure,intermediate_processing,partial_content,0.5
82785c58-6827-41e9-8561-07828a321f33,success,,,1.0
18f8278a-ea3b-4254-9427-2979402e64d4,success,,,1.0
043b7463-b129-4f4d-a823-bebedb437996,failure,tool_execution,tool_schema_error,0.25
22f11142-1821-4097-9fcd-b97833267bb1,success,,,1.0
d711e87e-1808-437b-9faf-e4ba72e2a379,failure,intermediate_processing,partial_content,0.5
41f9af8e-5b1e-4578-a7c9-5b1fb7275c49,failure,tool_execution,rate_limit_exhausted,0.25
4e8e03c8-fdb8-4e02-a689-81b1bf7efc30,failure,intermediate_processing,sub_agent_schema_fail,0.5
d3c25522-3814-4afd-ba5e-d16b28fb5ab2,failure,intermediate_processing,partial_content,0.5
9dd009ee-7148-43ab-8b11-348b74224780,failure,intermediate_processing,sub_agent_timeout,0.5
6fac46c8-edad-4db2-931d-f0613abccad0,success,,,1.0
1a3fabaf-313f-4c52-9af8-fff9b8ab9079,failure,tool_execution,pagination_failure,0.25
9be8b103-56e3-46c0-a9a4-89c1b998c6cf,failure,input_validation,url_sanity_fail,0.0
e8b53d62-69a7-4a71-894f-a9a72084baaa,success,,,1.0
9a4f2ca5-0ba8-4e63-868b-e4e94313aa17,success,,,1.0
2edbdb07-2c3f-4195-a149-f6b94401ba5d,failure,intermediate_processing,sub_agent_timeout,0.5
1e873c60-065c-495d-bb44-e9ba3888019a,success,,,1.0
cbf7f7ea-92e9-437f-99bb-19fdc1d96d53,failure,intermediate_processing,encoding_error,0.5
c18309a0-1738-4189-ab16-4f5610d377e8,failure,intermediate_processing,encoding_error,0.5
4a4fea6e-9cb5-4271-9ae8-58138d3a6617,failure,final_output,truncated_output,0.75
92ac58ba-2f02-4861-9a47-55cd45f03b9f,success,,,1.0
253108c7-6991-4aea-8901-a03d78cb6772,success,,,1.0
3d7a901b-f335-4820-b4e8-a1e35f1dc13f,success,,,1.0
a0a092e3-77f0-44c2-999b-6421b37b6d68,success,,,1.0
d33c11e7-6c54-478f-945f-2edc25093933,failure,tool_execution,rate_limit_exhausted,0.25
97cfe735-2b2e-4d26-ba3e-3bb781f803c1,failure,intermediate_processing,encoding_error,0.5
f1a90edd-d02c-4fed-a4cb-b2442b07231f,success,,,1.0
eaf522ca-4596-46f3-a74b-ef36dbb7cb2f,success,,,1.0
3e205b21-e894-40d9-ab9d-9a77f4d2e080,failure,intermediate_processing,sub_agent_schema_fail,0.5
cbd84b5c-b33f-4e5a-b54b-21c6d4cb3988,success,,,1.0
c80dafc1-b384-437d-802c-f3db0d01bbce,success,,,1.0
6e784c67-4a22-4695-bcbc-f23e24c4dc10,failure,intermediate_processing,partial_content,0.5
7da030d2-e150-482b-a6e1-eeec350b7a00,success,,,1.0
4febf112-0ede-469e-a4a1-7723b9ed14a5,failure,tool_execution,ip_ban,0.25
47889406-d778-4455-a685-4c20c4425016,failure,tool_execution,ip_ban,0.25
af95a5ba-d19c-41e4-bc30-b56228fb6b2c,failure,intermediate_processing,sub_agent_timeout,0.5
4d2084c1-1c04-4af5-83a0-3b9ce0920f08,failure,intermediate_processing,sub_agent_schema_fail,0.5
b673edb0-4155-40cb-a179-02dcf50dda0b,failure,input_validation,url_sanity_fail,0.0
6b5d4e0e-0fe7-4eab-a3c4-01d4084c2ba2,failure,tool_execution,pagination_failure,0.25
bcd70a1d-12a9-4b3e-bee8-c672b19c2c4e,success,,,1.0
05330afa-bd36-4911-9015-4bcd6718d0e2,success,,,1.0
917bd8bf-bb8e-465a-9ce1-41a31528054a,success,,,1.0
b64dd938-75df-4843-90e1-2f898003aa01,success,,,1.0
92ccfa28-e715-468e-b3cb-02881f34c4c2,failure,input_validation,auth_missing,0.0
07348de8-3a6f-4e06-b6cf-26b506c88533,failure,tool_execution,ip_ban,0.25
bdd0bffb-7782-4b4d-a98d-1e8c5f32e861,success,,,1.0
841fb35d-edce-426e-9dec-4540775b6111,failure,final_output,truncated_output,0.75
ffcfe8eb-b919-4567-a57c-dc9b2f63c947,failure,intermediate_processing,encoding_error,0.5
a1239eed-c64a-4e09-9d85-1211adb94239,failure,intermediate_processing,sub_agent_schema_fail,0.5
4055b710-87d2-4ce5-b976-2f91a6c3a6c6,success,,,1.0
51e765c8-94ca-4051-9def-950ef91a7253,success,,,1.0
deb81c36-38d4-4074-812d-f4d62cabb2a8,failure,tool_execution,ip_ban,0.25
145084a9-70bd-477a-bf73-bf1e3d6da970,failure,final_output,hallucinated_fields,0.75
e0c97a2f-eb8f-49a9-94bc-6de93f943488,success,,,1.0
a982377c-d0c2-4233-9347-31e3f4f8c869,failure,tool_execution,ip_ban,0.25
aace89c0-fa16-4064-b79f-36c35c29fa9b,failure,final_output,schema_nonconformance,0.75
90f986fc-0f4e-482d-94d0-313a62fecec2,failure,tool_execution,pagination_failure,0.25
7a181868-1c03-4592-af05-1498526a1268,success,,,1.0
ae2d1911-0471-4ac5-8aa7-7eda96f9c3a0,success,,,1.0
bb85beee-63ef-489c-9534-78e5cad10689,failure,intermediate_processing,encoding_error,0.5
07042669-b609-4282-8cc9-8cccd096dc5c,success,,,1.0
ae1afaf4-fa76-4b5f-a9c6-1a54b5e0511c,failure,final_output,empty_output,0.75
d79bbd76-ce18-4c59-842c-8142554adf10,failure,intermediate_processing,sub_agent_timeout,0.5
18c2e7e5-9b3a-4f80-ae2a-7d75ab490be4,failure,input_validation,malformed_schema,0.0
30b1b3b0-8ed0-48e6-904b-f99b34b922db,success,,,1.0
f371a13d-8be2-4d98-a60a-840d793624c2,failure,tool_execution,ip_ban,0.25
872c318b-c3dd-468a-9f6c-ff28c604ace4,failure,intermediate_processing,encoding_error,0.5
bdb45987-ad21-46db-b315-51b4529c5563,failure,tool_execution,false_tool_call,0.25
c0f3215e-d617-4b38-b5db-08df737592c5,success,,,1.0
ece8e3eb-286c-4d7c-8444-a85a450d7fcd,failure,input_validation,auth_missing,0.0
1fafe7db-caff-457f-84b4-bc805ce8d174,failure,intermediate_processing,partial_content,0.5
656d43ed-f711-4a62-ac1a-24b5429f2c22,failure,intermediate_processing,sub_agent_timeout,0.5
f43b05ef-a274-4bf9-8c9f-d99ed386a517,failure,tool_execution,tool_schema_error,0.25
5680c87c-bdd6-487f-bb3f-a9884a37f269,success,,,1.0
42f4af73-b881-4d71-985d-c0fa7f8573f0,success,,,1.0
d914b35b-eeca-49f3-b480-3f6a09d61adb,failure,tool_execution,rate_limit_exhausted,0.25
982d5de9-f051-4aac-abab-a8851910972f,failure,tool_execution,rate_limit_exhausted,0.25
e28ae55a-8ddb-443f-8244-49ba46882afe,success,,,1.0
46592e31-b3e1-47ce-8d0f-32a288dab18b,failure,tool_execution,pagination_failure,0.25
b1f3485b-4455-4102-9c63-b3bef683784e,failure,tool_execution,false_tool_call,0.25
4caa7771-5721-4347-8635-77c899c18975,failure,input_validation,malformed_schema,0.0
74649b8d-dea7-4883-823d-6c845bf94e64,success,,,1.0
6666eedd-a825-4235-a129-2aa2cf619fa5,failure,tool_execution,ip_ban,0.25
cc541f67-1918-4795-a9ee-35716ba2c756,failure,tool_execution,tool_schema_error,0.25
5d7dcec0-f6e1-4ca5-9e4e-51ebf3c408ad,success,,,1.0
0e798e05-ad0d-4413-b6b6-77c65f02efed,failure,input_validation,url_sanity_fail,0.0
6b9158b1-7cd0-4ce0-8e06-91895e75f668,failure,input_validation,url_sanity_fail,0.0
0395cf56-5ff5-4bbc-a10f-2aa9e577bb6f,success,,,1.0
320c26a5-3f02-4bde-a568-a3d61b93a630,success,,,1.0
f24dc2c0-dfa5-4bb4-ba9b-35778a9c4932,failure,intermediate_processing,partial_content,0.5
2a1aaaec-0b79-41ec-984a-610ffbf80c1d,failure,input_validation,malformed_schema,0.0
d8726d4f-3b53-45d1-84b0-fc6bdb9813cd,failure,final_output,empty_output,0.75
435d9cfd-2b63-4637-a4ca-802cf8792b0f,success,,,1.0
bfdda463-95bf-4991-b241-9f79c62110dc,failure,final_output,schema_nonconformance,0.75
194cd451-bd56-4317-9933-78fe6d3bc728,success,,,1.0
cf4d957c-1a2a-4ed3-b5a9-add6d7fd7dc7,success,,,1.0
d2f38f07-c72f-40fc-9975-5c5edd83c90d,success,,,1.0
4871bfe4-95aa-4b0b-a5eb-6526ae2e1398,failure,tool_execution,pagination_failure,0.25
f1807072-7390-4abf-b204-58ed5bbb9dba,success,,,1.0
6cf2f097-ffa3-42b6-af1e-3826db51a31c,failure,input_validation,auth_missing,0.0
461931d0-66c3-40a9-b613-e6779d372264,failure,input_validation,malformed_schema,0.0
300f729b-6e66-457d-a09c-3b41296c7860,failure,tool_execution,false_tool_call,0.25
1f5295f2-1a7e-4feb-a8a1-b3c32aec9059,failure,final_output,hallucinated_fields,0.75
da49cc20-9028-4a97-867a-76ee730e9ce3,failure,intermediate_processing,encoding_error,0.5
dd503352-e197-4496-8b5e-7de6b7709a12,success,,,1.0
6569e1ab-c9c7-4888-aeb5-67fe6f28cbad,success,,,1.0
bd4821ec-7f23-4fa2-912f-310d789d692c,failure,tool_execution,pagination_failure,0.25
f260d3f0-9b39-4dff-89e1-0807c74aad81,success,,,1.0
fff6f21a-016e-4f4c-9d5f-2ad52eb2cff5,failure,tool_execution,rate_limit_exhausted,0.25
ed82e9a1-fdb3-4052-b8f4-f7bd35b1618a,success,,,1.0
a8463963-31e0-484a-9fe5-70df06e83288,failure,input_validation,auth_missing,0.0
b32bbcaa-3e48-4da8-b6ee-29fad724c344,success,,,1.0
8530cda0-4089-43b0-ac6a-8d963554dd30,failure,tool_execution,pagination_failure,0.25
cdbf852f-11c3-4369-96bc-9f0befbc2523,success,,,1.0
2f132880-bbc5-4c17-9e96-4b46038f1b1a,failure,intermediate_processing,partial_content,0.5
a1c7ad85-3fbc-4e9b-86c9-859df8e2b90c,failure,tool_execution,tool_schema_error,0.25
e3cf3e42-703d-47b9-99ba-ae4c779b4ee2,failure,tool_execution,tool_schema_error,0.25
3bf3ba16-f01b-4f96-bbde-7bab35666ebb,failure,tool_execution,rate_limit_exhausted,0.25
759fc853-88a0-4342-8d8f-ccf6113b958d,failure,tool_execution,tool_schema_error,0.25
75ab3e2c-3b6f-4c52-9097-427274434d28,success,,,1.0
4d23d680-13f2-4042-a4f4-3ea909ed8d1a,failure,intermediate_processing,encoding_error,0.5
a80f127a-dc85-46e3-b8cf-9f65855029be,success,,,1.0
94b197f9-9da4-4bf3-84e9-55ccb6b0ad58,failure,intermediate_processing,sub_agent_schema_fail,0.5
67a47b72-b814-40c6-a8b7-d0e63b3059de,failure,final_output,truncated_output,0.75
85327e9a-0c88-4802-82f0-14b51ff53353,failure,tool_execution,rate_limit_exhausted,0.25
d274341d-0948-48bc-bd78-0a50587feb83,failure,intermediate_processing,sub_agent_schema_fail,0.5
304808b8-93c9-4d42-8085-1c4bca0ba736,failure,intermediate_processing,encoding_error,0.5
fa1f3bdb-8977-4a08-8261-681b7e359039,success,,,1.0
1791eb74-381d-497a-bfe7-4ba3e53aa017,failure,input_validation,malformed_schema,0.0
b5d761f9-c081-4a9c-b57c-8863d44afa8d,success,,,1.0
3c08fc55-51d1-4d2b-b9c6-a1ebf6b7b587,failure,input_validation,auth_missing,0.0
9d8488a6-68b4-4be1-943e-3d3d26761c58,success,,,1.0
b5be4dc3-42cd-4226-961d-7a9d9fd07a34,failure,intermediate_processing,sub_agent_timeout,0.5
48864705-aeef-4228-9d77-7a3d0d801d4c,failure,tool_execution,rate_limit_exhausted,0.25
0deee72f-df1d-4d87-a12a-aea3dd7bda7a,success,,,1.0
0f4ca3cc-ab4b-49ea-a88d-ed9ddc05ffa7,success,,,1.0
ca73212f-9043-4add-aa0f-0917acdc6cf0,failure,tool_execution,ip_ban,0.25
e200f9a9-dd36-4121-8aa7-a4e69dbb28f1,failure,final_output,hallucinated_fields,0.75
cf2aafb1-3d8c-4b0f-b2fd-46a32edafc91,failure,tool_execution,ip_ban,0.25
0fc144be-fd8b-4422-8223-77ce04cccd92,failure,final_output,schema_nonconformance,0.75
e2828a2d-bf49-4603-9efe-cb575fc0e65a,failure,input_validation,prompt_ambiguity,0.0
e5341ea0-a120-4458-852e-e030ac1133c8,success,,,1.0
f923d79f-0af1-4e76-885d-f43de1925807,success,,,1.0
bfc2db9f-a5e3-433c-bfed-24ee02d6807e,failure,tool_execution,ip_ban,0.25
f9b3a94e-f645-479c-b58a-30ae66534964,success,,,1.0
0c613cee-e571-476f-be3b-775cc3b051e8,success,,,1.0
d2448b0b-131a-42f5-bd7a-c6e88fb99477,failure,tool_execution,tool_schema_error,0.25
eb47fea5-36be-4c56-bbf1-70d4eedaf11f,failure,intermediate_processing,partial_content,0.5
f7863d72-5c59-44de-8722-b3d113780c12,failure,input_validation,prompt_ambiguity,0.0
226a8bbf-61a5-43ca-9c03-8c403acb187a,failure,intermediate_processing,encoding_error,0.5
1a245091-76c7-43ed-a9cc-37b0dda467c6,success,,,1.0
5b5b2b80-66cf-4a80-b8a7-23ad01d72863,success,,,1.0
7e1e6e7d-cdf2-4974-b2aa-ec25a04d3538,failure,input_validation,malformed_schema,0.0
f6fe7796-b843-407e-a8fb-2d144c374fa1,failure,intermediate_processing,encoding_error,0.5
f7ac400e-5655-42d6-8050-58f15b840261,success,,,1.0
e38d286e-306e-40ce-8775-cab97469130b,success,,,1.0
f8ccac2f-1160-4700-a519-82558cfb4e65,success,,,1.0
981d58d5-f26c-4256-9f02-61578d8ef821,failure,intermediate_processing,encoding_error,0.5
d7e16067-0490-46d5-a251-e27dc89c3636,failure,intermediate_processing,partial_content,0.5
a87fc4e0-e2e7-440e-a42f-34a6d0b14caf,success,,,1.0
efc6c687-f607-4031-a24a-1f232cc1b321,failure,input_validation,url_sanity_fail,0.0
9fc027dd-1c9f-4255-a9ab-0b597583f0f7,failure,input_validation,malformed_schema,0.0
4e507404-d865-48c1-95b2-bf8bab7cee60,failure,intermediate_processing,sub_agent_schema_fail,0.5
857294a3-a9d3-4f76-a0e1-1327ae10868c,failure,intermediate_processing,sub_agent_schema_fail,0.5
4b394551-e8f1-47ec-9e96-26efa10e2988,success,,,1.0
34d31a5f-fe75-4c78-a419-6f85cdad243f,failure,final_output,truncated_output,0.75
882851af-6a1b-4c5c-a755-4e7e0e9d43d4,success,,,1.0
21ad8d3e-aafc-4c00-8bc3-a9e8affc932a,failure,final_output,hallucinated_fields,0.75
2e3e7a4a-541e-404b-ab24-e590a6c13c96,failure,tool_execution,false_tool_call,0.25
b7e074d0-2767-4544-ad4c-bc597d619a43,failure,tool_execution,pagination_failure,0.25
839a3184-1083-4260-8f03-a9163991e533,failure,intermediate_processing,encoding_error,0.5
c81daf83-7869-4329-b5f8-531e448054b6,failure,intermediate_processing,partial_content,0.5
6a2087ba-811e-4e94-aac6-e5680fb26b85,failure,final_output,empty_output,0.75
a7c137fa-35b5-4703-b02c-18f21877d21d,failure,tool_execution,false_tool_call,0.25
baa44490-835b-4a99-9b8e-c5579c1d68e2,failure,intermediate_processing,encoding_error,0.5
ffb0b4af-d4b4-4008-b603-d71f2b3e3c4d,success,,,1.0
15db9f68-b435-4f49-86ee-f9f4f444dff9,failure,tool_execution,false_tool_call,0.25
24046b72-2cac-4624-847a-6eb5f39ecbd9,failure,tool_execution,false_tool_call,0.25
d96b0dbf-c230-43fc-8d4d-02196193db5a,failure,tool_execution,tool_schema_error,0.25
65cdbabb-2bc1-4161-ba49-1e63ed9ceb02,failure,input_validation,prompt_ambiguity,0.0
4f9b2268-09cc-486c-a468-4d68495d94e7,success,,,1.0
c305d1ee-6cef-4280-80a6-85011265ae23,failure,tool_execution,false_tool_call,0.25
3ba607e1-6849-4804-9337-2179bf7fc4f7,failure,final_output,schema_nonconformance,0.75
78b4b14b-ee93-4e19-80ed-632cbf4479d3,success,,,1.0
0391b0dc-9912-4bc3-bf60-c0b8847d0317,failure,tool_execution,rate_limit_exhausted,0.25
a0310d8f-ffcd-4646-bbf8-a33973285f44,failure,tool_execution,ip_ban,0.25
60cb9b48-2f75-4023-9bc2-4b1131b6ffce,failure,final_output,empty_output,0.75
45ee5d09-fcac-438a-a475-c340efa0e2dd,success,,,1.0
9f2c8f28-8fa9-42ed-b860-63ac5a47e8e9,failure,intermediate_processing,encoding_error,0.5
489f0e6d-76ce-4482-98b9-26f928272f7c,failure,final_output,hallucinated_fields,0.75
709ce64d-cdc6-4777-a232-a7a56509479a,failure,tool_execution,ip_ban,0.25
2d93c3f8-36d9-48c2-af98-2ac4d5117128,success,,,1.0
37ece760-87c7-4a3c-a408-38d63e1a2b6f,success,,,1.0
aadd8709-bcc3-4393-8b1c-03e07808415f,failure,tool_execution,tool_schema_error,0.25
5fb61156-09c0-4ec2-b8cb-8564028e5afa,failure,intermediate_processing,sub_agent_timeout,0.5
eca4386b-2dfe-4ec3-99bd-a7f4ca9c692c,success,,,1.0
46d5e845-a63c-4fb7-9c47-30c9e8b6435c,failure,intermediate_processing,partial_content,0.5
09ed2746-f522-4899-b130-a3d7863f532d,failure,tool_execution,pagination_failure,0.25
974b0bb8-85c6-473c-bc8b-b11bfff505f7,success,,,1.0
aecd7b9d-fdee-4bbd-85a2-a8eb8998988f,failure,input_validation,prompt_ambiguity,0.0
b6efeef8-e4d4-4501-9c1e-807f97bf7512,success,,,1.0
8d611798-6dc0-49b1-9518-73a1dc5a00da,failure,final_output,hallucinated_fields,0.75
cfb78158-5851-4975-bc33-0c6362fec4a6,success,,,1.0
bc9cb4bb-74ca-4ec9-b27a-e2cb2ac5c81f,success,,,1.0
02d19d99-2b86-4536-853c-69afd35d7057,success,,,1.0
dd0e3ad9-a278-4411-9ba3-73e2551cb3ec,failure,intermediate_processing,partial_content,0.5
5b399b32-d2f5-4a16-a677-dbe40f5ea61a,success,,,1.0
e060d125-99bd-4ca4-a0a3-23fc7b59332f,failure,input_validation,url_sanity_fail,0.0
6f89d8f0-5eb2-4f5e-9eab-c558af5e12c5,success,,,1.0
c80f529c-08f8-4b2e-b610-b33d46d4f25a,failure,input_validation,url_sanity_fail,0.0
f23cdc62-f68d-4da3-b8f7-f69c996f8094,failure,final_output,truncated_output,0.75
457be888-c086-4647-a844-1e802a0dff40,failure,tool_execution,pagination_failure,0.25
8e0b9806-40da-4fb7-8eb2-9b160191da1e,failure,tool_execution,pagination_failure,0.25
fefb3834-1dd1-487e-ac93-61ca0557510c,failure,final_output,schema_nonconformance,0.75
ca5fb911-c88f-455a-852b-4c5ab25dca64,failure,intermediate_processing,sub_agent_timeout,0.5
f0b48a38-4477-432f-bde5-42e2d216488d,failure,intermediate_processing,encoding_error,0.5
479bdb84-e9af-4cfc-8fa1-917322c5cdf1,success,,,1.0
0b274006-5a79-4fd7-8319-4ed88fb294ac,success,,,1.0
97d6ae55-e67c-4650-afa1-882680bbf216,failure,tool_execution,false_tool_call,0.25
ed042035-714c-4fe1-979b-509fd136c558,failure,tool_execution,pagination_failure,0.25
4419e19a-6e26-4960-820c-5e90b011a701,failure,input_validation,malformed_schema,0.0
4e1e0e79-21da-45b8-9d6e-d61fa8fb98a2,success,,,1.0
ba2b4bc1-c1d3-4fd9-9451-a1f355deb743,failure,intermediate_processing,sub_agent_schema_fail,0.5
c27fb6b4-f3ea-4c0b-bede-fe70789d0eb6,success,,,1.0
bbcebe2b-4280-41b7-a5bf-9f192a60c5c6,failure,final_output,empty_output,0.75
14ce9227-02bb-45f9-b5e1-abdf0c288ddb,failure,final_output,empty_output,0.75
db2c2fda-f37c-4123-b099-7f625ef7760e,success,,,1.0
b2d58564-7f64-43fa-844b-3238fcb91f77,failure,final_output,truncated_output,0.75
cf3a28e2-7673-4174-b907-ebc14bce36d3,success,,,1.0
682cd45b-47e5-4c32-8e6a-04a924ea4c1e,failure,tool_execution,pagination_failure,0.25
f632123f-bccc-46ad-a4d2-9eb577ac06b3,success,,,1.0
c2e413b8-e49f-456f-916f-007bc8325688,success,,,1.0
0f5d2ec4-3b96-4cec-acaf-bf821ab8c6e5,failure,tool_execution,rate_limit_exhausted,0.25
d084895c-70bd-4d52-9982-e09d1e3ea0ee,failure,intermediate_processing,sub_agent_schema_fail,0.5
fe6e6ca7-08b8-4dec-bf18-ce6b885c41b6,failure,intermediate_processing,sub_agent_schema_fail,0.5
f39078f7-4b4c-46dc-a9ff-905a17ce027d,failure,tool_execution,tool_schema_error,0.25
410b642f-5e2e-4c3a-ae1e-cdc3803cd1dc,failure,input_validation,url_sanity_fail,0.0
2cd54e26-7d79-4361-a0d9-0f5b28d6f89c,failure,intermediate_processing,sub_agent_timeout,0.5
5cb848a3-c670-41dd-84fd-b6c043e47951,success,,,1.0
bbbfa420-8af2-4c53-af00-3e838b86db41,failure,intermediate_processing,encoding_error,0.5
e3681a79-5c5c-4299-b341-a5406d29a068,success,,,1.0
f90a84b6-bd85-480e-9909-5067cd7b1cea,failure,input_validation,prompt_ambiguity,0.0
ff096df6-2925-4deb-833a-6273863c2f20,failure,tool_execution,rate_limit_exhausted,0.25
b6e0e5e4-9948-45ee-b125-6b1d856572f8,success,,,1.0
c68a1a62-e31d-4d74-8447-db08e6a6038d,success,,,1.0
fed0c860-bb0e-4f7e-ba35-d3b1577b95ee,success,,,1.0
002ee1ab-bb7f-4695-ab2e-ea4073b3b82c,failure,tool_execution,ip_ban,0.25
4268f457-ffaa-4cc8-a996-768527002ed9,failure,final_output,empty_output,0.75
1f8d9464-1edd-4ebd-8e44-8111770b3e87,failure,tool_execution,false_tool_call,0.25
818f21d1-67cf-415f-8537-b41eeec51ffd,success,,,1.0
835fc6d9-7aa4-40f6-a785-bd5ee2fa0fc3,failure,tool_execution,tool_schema_error,0.25
4865bdf1-0288-438f-a679-c8ba4cfe2b3b,failure,input_validation,auth_missing,0.0
dd3de578-fe13-45f4-8fae-7279ceeecf88,failure,intermediate_processing,sub_agent_schema_fail,0.5
cf7f9948-fcba-4560-86b5-a04a8fdc549e,failure,input_validation,prompt_ambiguity,0.0
27b3ee24-0e72-4311-a10d-ae0eb948868a,failure,tool_execution,tool_schema_error,0.25
d4560d63-dbae-438a-82e7-9d9158c514bd,success,,,1.0
c74992f9-dfcd-4fed-a4a0-2eff377e5006,failure,intermediate_processing,sub_agent_timeout,0.5
9ec383b8-b138-4787-accb-eefbae22c26e,failure,final_output,empty_output,0.75
5b59fb1c-98ea-45a8-a985-ea2a446bb59d,success,,,1.0
70eb49e7-0a24-4f8f-995e-820334af1cc8,failure,tool_execution,tool_schema_error,0.25
abc7d259-1f43-41d3-9f87-e1d2e1cfb4ea,failure,tool_execution,rate_limit_exhausted,0.25
5b82e44b-3328-443d-833f-de0285372461,failure,tool_execution,rate_limit_exhausted,0.25
4bb15ec0-3e1c-4904-a1a7-64fe57aebb6b,failure,intermediate_processing,encoding_error,0.5
ddbfbb2d-e58e-4fa6-9ded-d8c324dd8be8,failure,input_validation,prompt_ambiguity,0.0
30a0877c-055e-4e70-a34c-3657f7da1c07,success,,,1.0
6e1d1b48-6d0b-47c3-9072-4737dc8c69c2,success,,,1.0
b790f542-8702-4a76-b7aa-6f74f2bfc44d,failure,intermediate_processing,partial_content,0.5
8e46d4f8-2186-4ccd-9188-8c71ae7a113e,failure,final_output,truncated_output,0.75
de2cf8d9-df3f-41ae-b646-63089034bf9a,failure,tool_execution,tool_schema_error,0.25
5321c17a-8fb7-4355-a8d3-403308877c32,failure,intermediate_processing,sub_agent_schema_fail,0.5
10f0ffc7-5272-4392-bf5f-fd24bba70719,success,,,1.0
249164ea-8132-48a9-a93a-4bc1969926b3,success,,,1.0
9fc1bcc5-5073-4af0-b8da-5fc594e26f8c,failure,final_output,truncated_output,0.75
5545c7c5-0036-4497-9681-4d602a3912cb,success,,,1.0
6de518ac-f9f7-4856-92f7-f48a5c53bacf,failure,final_output,schema_nonconformance,0.75
08ce29e5-ccc8-4f57-b236-743d881cee67,success,,,1.0
e31a6c08-ce01-4e7c-9a07-c08326574299,failure,intermediate_processing,sub_agent_timeout,0.5
5939e2ef-50f1-414b-abfc-a93544f75758,failure,final_output,truncated_output,0.75
e12b7fec-fc46-4117-a7a9-9ec1bcab718b,success,,,1.0
72ac179b-56c4-4c9e-8aa6-6f6ede5645fb,failure,final_output,empty_output,0.75
7b7e6259-2dad-41b1-a0b7-66876b363a9e,success,,,1.0
e13a576e-10a3-481f-abee-6f6a8a228ecd,failure,tool_execution,ip_ban,0.25
03c1ec5a-ace7-425e-a890-584564581988,failure,tool_execution,ip_ban,0.25
d9f938da-28d5-4ae8-893e-a88221ab2029,success,,,1.0
e10f3d2e-2ecc-43ba-9bc7-f3a28f33d344,success,,,1.0
5816cc73-4340-4152-9eb1-2497d2e1de04,success,,,1.0
7c0735ce-35b0-4097-84dc-779ed7a659fa,success,,,1.0
fc66de4f-7f7e-4d9a-aedf-39a4cd60d5ec,failure,intermediate_processing,sub_agent_timeout,0.5
cc54c324-13b4-4518-aff6-672f0ea6f563,failure,intermediate_processing,sub_agent_schema_fail,0.5
36396cae-240c-4904-bf43-95d7b27835af,success,,,1.0
69ff90ce-2843-407a-a41a-635f8455f9d1,failure,tool_execution,false_tool_call,0.25
3049b415-a8fb-4de1-9c63-d6f4d347b7d4,failure,input_validation,auth_missing,0.0
28b13171-9ead-4963-ab6c-8a4b7ca59f1e,failure,tool_execution,ip_ban,0.25
f3b39842-993e-4035-b6de-f82803f86e99,failure,intermediate_processing,partial_content,0.5
5c9255bd-d378-4ccb-9e90-02ca6277bdf8,success,,,1.0
9dc931b0-97d0-4ab4-bf02-ae6c71be8255,failure,tool_execution,rate_limit_exhausted,0.25
95e0e099-faea-476c-9ec3-3e61071f3a1d,failure,intermediate_processing,partial_content,0.5
f1000a4c-8e54-4411-a91b-366ad36bee6d,success,,,1.0
569a3c16-2c1b-464a-bba7-ffca83243dc2,failure,tool_execution,tool_schema_error,0.25
9fabf166-9ddc-444f-820f-a9a9ededaa6c,success,,,1.0
99c090a8-a13c-4503-8a18-1f1e28235bf1,success,,,1.0
72c2b649-fc43-4bf4-94f8-cbc2b5835ac1,failure,input_validation,prompt_ambiguity,0.0
f1401ca1-a14c-4c08-ab94-0f9974a57484,failure,tool_execution,rate_limit_exhausted,0.25
6fdfa141-8671-4736-940b-a7b62a9ee8c5,failure,tool_execution,tool_schema_error,0.25
a670e2e3-df5b-48fc-804c-d49f0075abb3,success,,,1.0
5045d728-ab73-47db-bc79-c1aae742aa58,success,,,1.0
89215dce-6bf4-4d58-a884-e9de2dfadae4,failure,tool_execution,rate_limit_exhausted,0.25
f3faa7f5-6729-4a98-a75f-d8191c3c0396,success,,,1.0
55535fe5-bf6b-448a-8064-ed025e988eb8,failure,tool_execution,ip_ban,0.25
22ee0b47-5ea2-43cf-a2cd-0eae429c5e5f,success,,,1.0
ce4c145b-289c-4704-ae4d-d9517bc2f6c2,success,,,1.0
281b0dda-fbaa-4abe-924e-1adc24a2212d,failure,tool_execution,false_tool_call,0.25
735fa3da-6eb1-427d-bdde-78d4174c26ff,failure,tool_execution,tool_schema_error,0.25
b2c3f93b-d127-451c-b006-abfef0efab1b,failure,tool_execution,false_tool_call,0.25
3965cc94-33b0-4836-af04-5035a25192e8,failure,final_output,schema_nonconformance,0.75
9c329d5c-1da9-4180-b742-37a33f9be3f7,failure,intermediate_processing,sub_agent_timeout,0.5
c9a83ec2-8080-4f62-b565-6a3fb126b1cb,failure,intermediate_processing,sub_agent_schema_fail,0.5
683a3b21-79f4-4096-8d9f-0cd48828c889,failure,input_validation,prompt_ambiguity,0.0
b18d78c0-998d-48b1-96f6-65210a6eefa3,failure,tool_execution,ip_ban,0.25
a47e2617-3b05-4396-981d-f6059d8709c8,failure,intermediate_processing,sub_agent_timeout,0.5
e640c0ca-58e3-4700-87a6-43fdd9b2c1f3,failure,tool_execution,pagination_failure,0.25
f59890e0-80d2-4849-a214-f96b820a7f4d,failure,tool_execution,false_tool_call,0.25
6c3c7a13-7aa8-4cc0-a264-439a8f69a16f,failure,tool_execution,false_tool_call,0.25
90c12173-38cb-45c3-814d-d3a4d135dd11,failure,tool_execution,tool_schema_error,0.25
17d88069-156b-43f1-bd84-8cc1b973e0c5,failure,final_output,empty_output,0.75
dcb31dd7-6726-4e4b-bd1d-1a0a4391e699,failure,tool_execution,false_tool_call,0.25
18953f72-b9fa-49c7-b5af-bfdc617175b8,success,,,1.0
446fff40-8f59-415c-aee5-ade0e5cf6ba0,failure,tool_execution,tool_schema_error,0.25
0ec35c00-a312-4522-84a6-ea119809e78d,failure,tool_execution,pagination_failure,0.25
bd2709fa-2fb3-4350-b79d-dc94ff66c9bb,failure,intermediate_processing,sub_agent_schema_fail,0.5
b00f5d87-0932-4586-859b-45cc287cc6d7,failure,tool_execution,tool_schema_error,0.25
29802528-c4e1-4221-bd76-6b7ca7a25831,success,,,1.0
936bab7e-94ac-4f26-93e1-ee813058db6d,failure,tool_execution,ip_ban,0.25
dad79a3b-bd43-4747-a705-36dfb4c0767d,failure,final_output,hallucinated_fields,0.75
78cf3e86-2239-4780-924f-2e867094bb26,success,,,1.0
53e9dd14-35cb-4681-8ab2-01936bc8b34c,failure,input_validation,url_sanity_fail,0.0
93bdfd81-9f3b-408f-a6fa-3126208c6cf4,failure,intermediate_processing,partial_content,0.5
bcd2c949-817f-4aa1-a4eb-bfcc389f96b6,failure,tool_execution,rate_limit_exhausted,0.25
b6e59aca-068c-454c-9d91-797382670bce,failure,final_output,truncated_output,0.75
76be317b-2926-4e5f-a89e-bb713ad7f847,failure,tool_execution,rate_limit_exhausted,0.25
6009cd45-235e-4856-ad3d-c4a441d4783e,failure,tool_execution,pagination_failure,0.25
8e5f7fec-f716-453b-84d2-65b30834be96,failure,final_output,schema_nonconformance,0.75
653b28e3-610f-4d3b-9422-0a2f24b90a2a,failure,final_output,hallucinated_fields,0.75
a2319089-4628-4348-9cda-1fb179fc3a3c,failure,intermediate_processing,sub_agent_schema_fail,0.5
8e109342-15f3-4d00-9dcb-4a646ff8bf9d,success,,,1.0
2ba87852-3e30-4955-aaf6-37a272ea2c79,success,,,1.0
f57020da-3bff-483b-963d-da9d35f22663,success,,,1.0
7bcdd3da-4719-4cae-b864-18f28dfe2160,success,,,1.0
5a248ec5-a5fe-4fb2-b7e7-a812825f5f1b,success,,,1.0
c89b3325-2932-42ca-b4e7-01eb7978e1c8,failure,tool_execution,ip_ban,0.25
09b26d4f-80e5-42e4-a262-d5c6be5c1134,success,,,1.0
7222fa0f-0eeb-44a9-9c74-b96927778a7f,failure,intermediate_processing,sub_agent_timeout,0.5
1f59b7f1-d2e9-4407-b261-959b2cf66712,failure,input_validation,prompt_ambiguity,0.0
c58fb676-98d1-435b-801b-d9ff139e5952,failure,intermediate_processing,encoding_error,0.5
